{"cameraMode":{"drawMode":0,"name":"Shaded","section":"Shading Mode"},"sceneLighting":true,"audioPlay":false,"sceneViewState":{"showFog":true,"showMaterialUpdate":false,"showSkybox":true,"showFlares":true,"showImageEffects":true,"showParticleSystems":true},"in2DMode":false,"pivot":{"x":-8.324055671691895,"y":-176.5867462158203,"z":234.5292205810547},"rotation":{"x":0.322865754365921,"y":-0.016940047964453698,"z":0.005899913143366575,"w":0.9463165998458862},"size":150.67189025878907,"orthographic":false}